HealthTopic,Population,Indicator,Unit,Time,RegionCode,RegionName,NumValue,TxtValue
Antimicrobial resistance,Klebsiella pneumoniae|Carbapenems,"R - resistant isolates, percentage  ",%,2005,AT,Austria,0,
Antimicrobial resistance,Klebsiella pneumoniae|Carbapenems,"R - resistant isolates, percentage  ",%,2005,BE,Belgium,-,
Antimicrobial resistance,Klebsiella pneumoniae|Carbapenems,"R - resistant isolates, percentage  ",%,2005,BG,Bulgaria,0,
Antimicrobial resistance,Klebsiella pneumoniae|Carbapenems,"R - resistant isolates, percentage  ",%,2005,CY,Cyprus,-,
Antimicrobial resistance,Klebsiella pneumoniae|Carbapenems,"R - resistant isolates, percentage  ",%,2005,CZ,Czechia,0,
Antimicrobial resistance,Klebsiella pneumoniae|Carbapenems,"R - resistant isolates, percentage  ",%,2005,DE,Germany,1.96078431,
Antimicrobial resistance,Klebsiella pneumoniae|Carbapenems,"R - resistant isolates, percentage  ",%,2005,DK,Denmark,-,
Antimicrobial resistance,Klebsiella pneumoniae|Carbapenems,"R - resistant isolates, percentage  ",%,2005,EE,Estonia,0,
Antimicrobial resistance,Klebsiella pneumoniae|Carbapenems,"R - resistant isolates, percentage  ",%,2005,EL,Greece,27.8137128,
Antimicrobial resistance,Klebsiella pneumoniae|Carbapenems,"R - resistant isolates, percentage  ",%,2005,ES,Spain,0,
Antimicrobial resistance,Klebsiella pneumoniae|Carbapenems,"R - resistant isolates, percentage  ",%,2005,FI,Finland,0,
Antimicrobial resistance,Klebsiella pneumoniae|Carbapenems,"R - resistant isolates, percentage  ",%,2005,FR,France,0.13280212,
Antimicrobial resistance,Klebsiella pneumoniae|Carbapenems,"R - resistant isolates, percentage  ",%,2005,HR,Croatia,0,
Antimicrobial resistance,Klebsiella pneumoniae|Carbapenems,"R - resistant isolates, percentage  ",%,2005,HU,Hungary,0.33333333,
Antimicrobial resistance,Klebsiella pneumoniae|Carbapenems,"R - resistant isolates, percentage  ",%,2005,IE,Ireland,0,
Antimicrobial resistance,Klebsiella pneumoniae|Carbapenems,"R - resistant isolates, percentage  ",%,2005,IS,Iceland,0,
Antimicrobial resistance,Klebsiella pneumoniae|Carbapenems,"R - resistant isolates, percentage  ",%,2005,IT,Italy,-,
Antimicrobial resistance,Klebsiella pneumoniae|Carbapenems,"R - resistant isolates, percentage  ",%,2005,LU,Luxembourg,-,
Antimicrobial resistance,Klebsiella pneumoniae|Carbapenems,"R - resistant isolates, percentage  ",%,2005,LV,Latvia,-,
Antimicrobial resistance,Klebsiella pneumoniae|Carbapenems,"R - resistant isolates, percentage  ",%,2005,MT,Malta,0,
Antimicrobial resistance,Klebsiella pneumoniae|Carbapenems,"R - resistant isolates, percentage  ",%,2005,NL,Netherlands,0,
Antimicrobial resistance,Klebsiella pneumoniae|Carbapenems,"R - resistant isolates, percentage  ",%,2005,NO,Norway,0.62111801,
Antimicrobial resistance,Klebsiella pneumoniae|Carbapenems,"R - resistant isolates, percentage  ",%,2005,PL,Poland,0,
Antimicrobial resistance,Klebsiella pneumoniae|Carbapenems,"R - resistant isolates, percentage  ",%,2005,PT,Portugal,-,
Antimicrobial resistance,Klebsiella pneumoniae|Carbapenems,"R - resistant isolates, percentage  ",%,2005,RO,Romania,-,
Antimicrobial resistance,Klebsiella pneumoniae|Carbapenems,"R - resistant isolates, percentage  ",%,2005,SE,Sweden,0,
Antimicrobial resistance,Klebsiella pneumoniae|Carbapenems,"R - resistant isolates, percentage  ",%,2005,SI,Slovenia,0,
Antimicrobial resistance,Klebsiella pneumoniae|Carbapenems,"R - resistant isolates, percentage  ",%,2005,SK,Slovakia,-,
Antimicrobial resistance,Klebsiella pneumoniae|Carbapenems,"R - resistant isolates, percentage  ",%,2005,UK,United Kingdom,0,
Antimicrobial resistance,Klebsiella pneumoniae|Carbapenems,"R - resistant isolates, percentage  ",%,2006,AT,Austria,0,
Antimicrobial resistance,Klebsiella pneumoniae|Carbapenems,"R - resistant isolates, percentage  ",%,2006,BE,Belgium,-,
Antimicrobial resistance,Klebsiella pneumoniae|Carbapenems,"R - resistant isolates, percentage  ",%,2006,BG,Bulgaria,0,
Antimicrobial resistance,Klebsiella pneumoniae|Carbapenems,"R - resistant isolates, percentage  ",%,2006,CY,Cyprus,0,
Antimicrobial resistance,Klebsiella pneumoniae|Carbapenems,"R - resistant isolates, percentage  ",%,2006,CZ,Czechia,0,
Antimicrobial resistance,Klebsiella pneumoniae|Carbapenems,"R - resistant isolates, percentage  ",%,2006,DE,Germany,0,
Antimicrobial resistance,Klebsiella pneumoniae|Carbapenems,"R - resistant isolates, percentage  ",%,2006,DK,Denmark,0,
Antimicrobial resistance,Klebsiella pneumoniae|Carbapenems,"R - resistant isolates, percentage  ",%,2006,EE,Estonia,0,
Antimicrobial resistance,Klebsiella pneumoniae|Carbapenems,"R - resistant isolates, percentage  ",%,2006,EL,Greece,32.85543608,
Antimicrobial resistance,Klebsiella pneumoniae|Carbapenems,"R - resistant isolates, percentage  ",%,2006,ES,Spain,0,
Antimicrobial resistance,Klebsiella pneumoniae|Carbapenems,"R - resistant isolates, percentage  ",%,2006,FI,Finland,0,
Antimicrobial resistance,Klebsiella pneumoniae|Carbapenems,"R - resistant isolates, percentage  ",%,2006,FR,France,0,
Antimicrobial resistance,Klebsiella pneumoniae|Carbapenems,"R - resistant isolates, percentage  ",%,2006,HR,Croatia,0,
Antimicrobial resistance,Klebsiella pneumoniae|Carbapenems,"R - resistant isolates, percentage  ",%,2006,HU,Hungary,0,
Antimicrobial resistance,Klebsiella pneumoniae|Carbapenems,"R - resistant isolates, percentage  ",%,2006,IE,Ireland,0,
Antimicrobial resistance,Klebsiella pneumoniae|Carbapenems,"R - resistant isolates, percentage  ",%,2006,IS,Iceland,0,
Antimicrobial resistance,Klebsiella pneumoniae|Carbapenems,"R - resistant isolates, percentage  ",%,2006,IT,Italy,1.3114754,
Antimicrobial resistance,Klebsiella pneumoniae|Carbapenems,"R - resistant isolates, percentage  ",%,2006,LT,Lithuania,0,
Antimicrobial resistance,Klebsiella pneumoniae|Carbapenems,"R - resistant isolates, percentage  ",%,2006,LU,Luxembourg,-,
Antimicrobial resistance,Klebsiella pneumoniae|Carbapenems,"R - resistant isolates, percentage  ",%,2006,LV,Latvia,0,
Antimicrobial resistance,Klebsiella pneumoniae|Carbapenems,"R - resistant isolates, percentage  ",%,2006,MT,Malta,0,
Antimicrobial resistance,Klebsiella pneumoniae|Carbapenems,"R - resistant isolates, percentage  ",%,2006,NL,Netherlands,0.30395136,
Antimicrobial resistance,Klebsiella pneumoniae|Carbapenems,"R - resistant isolates, percentage  ",%,2006,NO,Norway,0.45248868,
Antimicrobial resistance,Klebsiella pneumoniae|Carbapenems,"R - resistant isolates, percentage  ",%,2006,PL,Poland,0,
Antimicrobial resistance,Klebsiella pneumoniae|Carbapenems,"R - resistant isolates, percentage  ",%,2006,PT,Portugal,-,
Antimicrobial resistance,Klebsiella pneumoniae|Carbapenems,"R - resistant isolates, percentage  ",%,2006,RO,Romania,0,
Antimicrobial resistance,Klebsiella pneumoniae|Carbapenems,"R - resistant isolates, percentage  ",%,2006,SE,Sweden,-,
Antimicrobial resistance,Klebsiella pneumoniae|Carbapenems,"R - resistant isolates, percentage  ",%,2006,SI,Slovenia,0,
Antimicrobial resistance,Klebsiella pneumoniae|Carbapenems,"R - resistant isolates, percentage  ",%,2006,SK,Slovakia,-,
Antimicrobial resistance,Klebsiella pneumoniae|Carbapenems,"R - resistant isolates, percentage  ",%,2006,UK,United Kingdom,0.34965034,
Antimicrobial resistance,Klebsiella pneumoniae|Carbapenems,"R - resistant isolates, percentage  ",%,2007,AT,Austria,0,
Antimicrobial resistance,Klebsiella pneumoniae|Carbapenems,"R - resistant isolates, percentage  ",%,2007,BE,Belgium,-,
Antimicrobial resistance,Klebsiella pneumoniae|Carbapenems,"R - resistant isolates, percentage  ",%,2007,BG,Bulgaria,0,
Antimicrobial resistance,Klebsiella pneumoniae|Carbapenems,"R - resistant isolates, percentage  ",%,2007,CY,Cyprus,2.56410256,
Antimicrobial resistance,Klebsiella pneumoniae|Carbapenems,"R - resistant isolates, percentage  ",%,2007,CZ,Czechia,0,
Antimicrobial resistance,Klebsiella pneumoniae|Carbapenems,"R - resistant isolates, percentage  ",%,2007,DE,Germany,1.73410404,
Antimicrobial resistance,Klebsiella pneumoniae|Carbapenems,"R - resistant isolates, percentage  ",%,2007,DK,Denmark,0,
Antimicrobial resistance,Klebsiella pneumoniae|Carbapenems,"R - resistant isolates, percentage  ",%,2007,EE,Estonia,0,
Antimicrobial resistance,Klebsiella pneumoniae|Carbapenems,"R - resistant isolates, percentage  ",%,2007,EL,Greece,42.44306418,
Antimicrobial resistance,Klebsiella pneumoniae|Carbapenems,"R - resistant isolates, percentage  ",%,2007,ES,Spain,0,
Antimicrobial resistance,Klebsiella pneumoniae|Carbapenems,"R - resistant isolates, percentage  ",%,2007,FI,Finland,0,
Antimicrobial resistance,Klebsiella pneumoniae|Carbapenems,"R - resistant isolates, percentage  ",%,2007,FR,France,0.09460737,
Antimicrobial resistance,Klebsiella pneumoniae|Carbapenems,"R - resistant isolates, percentage  ",%,2007,HR,Croatia,0.35842293,
Antimicrobial resistance,Klebsiella pneumoniae|Carbapenems,"R - resistant isolates, percentage  ",%,2007,HU,Hungary,0,
Antimicrobial resistance,Klebsiella pneumoniae|Carbapenems,"R - resistant isolates, percentage  ",%,2007,IE,Ireland,0,
Antimicrobial resistance,Klebsiella pneumoniae|Carbapenems,"R - resistant isolates, percentage  ",%,2007,IS,Iceland,0,
Antimicrobial resistance,Klebsiella pneumoniae|Carbapenems,"R - resistant isolates, percentage  ",%,2007,IT,Italy,1.11111111,
Antimicrobial resistance,Klebsiella pneumoniae|Carbapenems,"R - resistant isolates, percentage  ",%,2007,LT,Lithuania,0,
Antimicrobial resistance,Klebsiella pneumoniae|Carbapenems,"R - resistant isolates, percentage  ",%,2007,LU,Luxembourg,0,
Antimicrobial resistance,Klebsiella pneumoniae|Carbapenems,"R - resistant isolates, percentage  ",%,2007,LV,Latvia,0,
Antimicrobial resistance,Klebsiella pneumoniae|Carbapenems,"R - resistant isolates, percentage  ",%,2007,MT,Malta,0,
Antimicrobial resistance,Klebsiella pneumoniae|Carbapenems,"R - resistant isolates, percentage  ",%,2007,NL,Netherlands,0,
Antimicrobial resistance,Klebsiella pneumoniae|Carbapenems,"R - resistant isolates, percentage  ",%,2007,NO,Norway,0,
Antimicrobial resistance,Klebsiella pneumoniae|Carbapenems,"R - resistant isolates, percentage  ",%,2007,PL,Poland,0,
Antimicrobial resistance,Klebsiella pneumoniae|Carbapenems,"R - resistant isolates, percentage  ",%,2007,PT,Portugal,0,
Antimicrobial resistance,Klebsiella pneumoniae|Carbapenems,"R - resistant isolates, percentage  ",%,2007,RO,Romania,0,
Antimicrobial resistance,Klebsiella pneumoniae|Carbapenems,"R - resistant isolates, percentage  ",%,2007,SE,Sweden,0,
Antimicrobial resistance,Klebsiella pneumoniae|Carbapenems,"R - resistant isolates, percentage  ",%,2007,SI,Slovenia,0,
Antimicrobial resistance,Klebsiella pneumoniae|Carbapenems,"R - resistant isolates, percentage  ",%,2007,SK,Slovakia,-,
Antimicrobial resistance,Klebsiella pneumoniae|Carbapenems,"R - resistant isolates, percentage  ",%,2007,UK,United Kingdom,0.33112582,
Antimicrobial resistance,Klebsiella pneumoniae|Carbapenems,"R - resistant isolates, percentage  ",%,2008,AT,Austria,0,
Antimicrobial resistance,Klebsiella pneumoniae|Carbapenems,"R - resistant isolates, percentage  ",%,2008,BE,Belgium,-,
Antimicrobial resistance,Klebsiella pneumoniae|Carbapenems,"R - resistant isolates, percentage  ",%,2008,BG,Bulgaria,0,
Antimicrobial resistance,Klebsiella pneumoniae|Carbapenems,"R - resistant isolates, percentage  ",%,2008,CY,Cyprus,9.67741935,
Antimicrobial resistance,Klebsiella pneumoniae|Carbapenems,"R - resistant isolates, percentage  ",%,2008,CZ,Czechia,0.23809523,
Antimicrobial resistance,Klebsiella pneumoniae|Carbapenems,"R - resistant isolates, percentage  ",%,2008,DE,Germany,0,
Antimicrobial resistance,Klebsiella pneumoniae|Carbapenems,"R - resistant isolates, percentage  ",%,2008,DK,Denmark,0.19120458,
Antimicrobial resistance,Klebsiella pneumoniae|Carbapenems,"R - resistant isolates, percentage  ",%,2008,EE,Estonia,0,
Antimicrobial resistance,Klebsiella pneumoniae|Carbapenems,"R - resistant isolates, percentage  ",%,2008,EL,Greece,36.59217877,
Antimicrobial resistance,Klebsiella pneumoniae|Carbapenems,"R - resistant isolates, percentage  ",%,2008,ES,Spain,0,
Antimicrobial resistance,Klebsiella pneumoniae|Carbapenems,"R - resistant isolates, percentage  ",%,2008,FI,Finland,0,
Antimicrobial resistance,Klebsiella pneumoniae|Carbapenems,"R - resistant isolates, percentage  ",%,2008,FR,France,0,
Antimicrobial resistance,Klebsiella pneumoniae|Carbapenems,"R - resistant isolates, percentage  ",%,2008,HR,Croatia,0.31152647,
Antimicrobial resistance,Klebsiella pneumoniae|Carbapenems,"R - resistant isolates, percentage  ",%,2008,HU,Hungary,0,
Antimicrobial resistance,Klebsiella pneumoniae|Carbapenems,"R - resistant isolates, percentage  ",%,2008,IE,Ireland,0,
Antimicrobial resistance,Klebsiella pneumoniae|Carbapenems,"R - resistant isolates, percentage  ",%,2008,IS,Iceland,0,
Antimicrobial resistance,Klebsiella pneumoniae|Carbapenems,"R - resistant isolates, percentage  ",%,2008,IT,Italy,1.94174757,
Antimicrobial resistance,Klebsiella pneumoniae|Carbapenems,"R - resistant isolates, percentage  ",%,2008,LT,Lithuania,0,
Antimicrobial resistance,Klebsiella pneumoniae|Carbapenems,"R - resistant isolates, percentage  ",%,2008,LU,Luxembourg,-,
Antimicrobial resistance,Klebsiella pneumoniae|Carbapenems,"R - resistant isolates, percentage  ",%,2008,LV,Latvia,2.5,
Antimicrobial resistance,Klebsiella pneumoniae|Carbapenems,"R - resistant isolates, percentage  ",%,2008,MT,Malta,0,
Antimicrobial resistance,Klebsiella pneumoniae|Carbapenems,"R - resistant isolates, percentage  ",%,2008,NL,Netherlands,0,
Antimicrobial resistance,Klebsiella pneumoniae|Carbapenems,"R - resistant isolates, percentage  ",%,2008,NO,Norway,0.67340067,
Antimicrobial resistance,Klebsiella pneumoniae|Carbapenems,"R - resistant isolates, percentage  ",%,2008,PL,Poland,-,
Antimicrobial resistance,Klebsiella pneumoniae|Carbapenems,"R - resistant isolates, percentage  ",%,2008,PT,Portugal,0.72463768,
Antimicrobial resistance,Klebsiella pneumoniae|Carbapenems,"R - resistant isolates, percentage  ",%,2008,RO,Romania,-,
Antimicrobial resistance,Klebsiella pneumoniae|Carbapenems,"R - resistant isolates, percentage  ",%,2008,SE,Sweden,0,
Antimicrobial resistance,Klebsiella pneumoniae|Carbapenems,"R - resistant isolates, percentage  ",%,2008,SI,Slovenia,0,
Antimicrobial resistance,Klebsiella pneumoniae|Carbapenems,"R - resistant isolates, percentage  ",%,2008,SK,Slovakia,-,
Antimicrobial resistance,Klebsiella pneumoniae|Carbapenems,"R - resistant isolates, percentage  ",%,2008,UK,United Kingdom,1.23966942,
Antimicrobial resistance,Klebsiella pneumoniae|Carbapenems,"R - resistant isolates, percentage  ",%,2009,AT,Austria,0,
Antimicrobial resistance,Klebsiella pneumoniae|Carbapenems,"R - resistant isolates, percentage  ",%,2009,BE,Belgium,1.20481927,
Antimicrobial resistance,Klebsiella pneumoniae|Carbapenems,"R - resistant isolates, percentage  ",%,2009,BG,Bulgaria,0,
Antimicrobial resistance,Klebsiella pneumoniae|Carbapenems,"R - resistant isolates, percentage  ",%,2009,CY,Cyprus,16.98113207,
Antimicrobial resistance,Klebsiella pneumoniae|Carbapenems,"R - resistant isolates, percentage  ",%,2009,CZ,Czechia,0.24711696,
Antimicrobial resistance,Klebsiella pneumoniae|Carbapenems,"R - resistant isolates, percentage  ",%,2009,DE,Germany,0,
Antimicrobial resistance,Klebsiella pneumoniae|Carbapenems,"R - resistant isolates, percentage  ",%,2009,DK,Denmark,0,
Antimicrobial resistance,Klebsiella pneumoniae|Carbapenems,"R - resistant isolates, percentage  ",%,2009,EE,Estonia,0,
Antimicrobial resistance,Klebsiella pneumoniae|Carbapenems,"R - resistant isolates, percentage  ",%,2009,EL,Greece,43.51567301,
Antimicrobial resistance,Klebsiella pneumoniae|Carbapenems,"R - resistant isolates, percentage  ",%,2009,ES,Spain,0.17391304,
Antimicrobial resistance,Klebsiella pneumoniae|Carbapenems,"R - resistant isolates, percentage  ",%,2009,FI,Finland,0.28490028,
Antimicrobial resistance,Klebsiella pneumoniae|Carbapenems,"R - resistant isolates, percentage  ",%,2009,FR,France,0.1577287,
Antimicrobial resistance,Klebsiella pneumoniae|Carbapenems,"R - resistant isolates, percentage  ",%,2009,HU,Hungary,0.55555555,
Antimicrobial resistance,Klebsiella pneumoniae|Carbapenems,"R - resistant isolates, percentage  ",%,2009,IE,Ireland,0,
Antimicrobial resistance,Klebsiella pneumoniae|Carbapenems,"R - resistant isolates, percentage  ",%,2009,IS,Iceland,0,
Antimicrobial resistance,Klebsiella pneumoniae|Carbapenems,"R - resistant isolates, percentage  ",%,2009,IT,Italy,1.31578947,
Antimicrobial resistance,Klebsiella pneumoniae|Carbapenems,"R - resistant isolates, percentage  ",%,2009,LT,Lithuania,0,
Antimicrobial resistance,Klebsiella pneumoniae|Carbapenems,"R - resistant isolates, percentage  ",%,2009,LU,Luxembourg,0,
Antimicrobial resistance,Klebsiella pneumoniae|Carbapenems,"R - resistant isolates, percentage  ",%,2009,LV,Latvia,0,
Antimicrobial resistance,Klebsiella pneumoniae|Carbapenems,"R - resistant isolates, percentage  ",%,2009,MT,Malta,0,
Antimicrobial resistance,Klebsiella pneumoniae|Carbapenems,"R - resistant isolates, percentage  ",%,2009,NL,Netherlands,0,
Antimicrobial resistance,Klebsiella pneumoniae|Carbapenems,"R - resistant isolates, percentage  ",%,2009,NO,Norway,0,
Antimicrobial resistance,Klebsiella pneumoniae|Carbapenems,"R - resistant isolates, percentage  ",%,2009,PL,Poland,0.71942446,
Antimicrobial resistance,Klebsiella pneumoniae|Carbapenems,"R - resistant isolates, percentage  ",%,2009,PT,Portugal,0.82474226,
Antimicrobial resistance,Klebsiella pneumoniae|Carbapenems,"R - resistant isolates, percentage  ",%,2009,RO,Romania,-,
Antimicrobial resistance,Klebsiella pneumoniae|Carbapenems,"R - resistant isolates, percentage  ",%,2009,SE,Sweden,-,
Antimicrobial resistance,Klebsiella pneumoniae|Carbapenems,"R - resistant isolates, percentage  ",%,2009,SI,Slovenia,0.52910052,
Antimicrobial resistance,Klebsiella pneumoniae|Carbapenems,"R - resistant isolates, percentage  ",%,2009,UK,United Kingdom,0.16920473,
Antimicrobial resistance,Klebsiella pneumoniae|Carbapenems,"R - resistant isolates, percentage  ",%,2010,AT,Austria,0.58939096,
Antimicrobial resistance,Klebsiella pneumoniae|Carbapenems,"R - resistant isolates, percentage  ",%,2010,BE,Belgium,0,
Antimicrobial resistance,Klebsiella pneumoniae|Carbapenems,"R - resistant isolates, percentage  ",%,2010,BG,Bulgaria,0,
Antimicrobial resistance,Klebsiella pneumoniae|Carbapenems,"R - resistant isolates, percentage  ",%,2010,CY,Cyprus,16.41791044,
Antimicrobial resistance,Klebsiella pneumoniae|Carbapenems,"R - resistant isolates, percentage  ",%,2010,CZ,Czechia,0.09066183,
Antimicrobial resistance,Klebsiella pneumoniae|Carbapenems,"R - resistant isolates, percentage  ",%,2010,DE,Germany,0,
Antimicrobial resistance,Klebsiella pneumoniae|Carbapenems,"R - resistant isolates, percentage  ",%,2010,DK,Denmark,0,
Antimicrobial resistance,Klebsiella pneumoniae|Carbapenems,"R - resistant isolates, percentage  ",%,2010,EE,Estonia,0,
Antimicrobial resistance,Klebsiella pneumoniae|Carbapenems,"R - resistant isolates, percentage  ",%,2010,EL,Greece,49.08120924,
Antimicrobial resistance,Klebsiella pneumoniae|Carbapenems,"R - resistant isolates, percentage  ",%,2010,ES,Spain,0,
Antimicrobial resistance,Klebsiella pneumoniae|Carbapenems,"R - resistant isolates, percentage  ",%,2010,FI,Finland,0,
Antimicrobial resistance,Klebsiella pneumoniae|Carbapenems,"R - resistant isolates, percentage  ",%,2010,FR,France,0.0698324,
Antimicrobial resistance,Klebsiella pneumoniae|Carbapenems,"R - resistant isolates, percentage  ",%,2010,HR,Croatia,2.15053763,
Antimicrobial resistance,Klebsiella pneumoniae|Carbapenems,"R - resistant isolates, percentage  ",%,2010,HU,Hungary,5.49898167,
Antimicrobial resistance,Klebsiella pneumoniae|Carbapenems,"R - resistant isolates, percentage  ",%,2010,IE,Ireland,0,
Antimicrobial resistance,Klebsiella pneumoniae|Carbapenems,"R - resistant isolates, percentage  ",%,2010,IS,Iceland,0,
Antimicrobial resistance,Klebsiella pneumoniae|Carbapenems,"R - resistant isolates, percentage  ",%,2010,IT,Italy,15.18467852,
Antimicrobial resistance,Klebsiella pneumoniae|Carbapenems,"R - resistant isolates, percentage  ",%,2010,LT,Lithuania,0,
Antimicrobial resistance,Klebsiella pneumoniae|Carbapenems,"R - resistant isolates, percentage  ",%,2010,LU,Luxembourg,0,
Antimicrobial resistance,Klebsiella pneumoniae|Carbapenems,"R - resistant isolates, percentage  ",%,2010,LV,Latvia,0,
Antimicrobial resistance,Klebsiella pneumoniae|Carbapenems,"R - resistant isolates, percentage  ",%,2010,MT,Malta,0,
Antimicrobial resistance,Klebsiella pneumoniae|Carbapenems,"R - resistant isolates, percentage  ",%,2010,NL,Netherlands,0.22421524,
Antimicrobial resistance,Klebsiella pneumoniae|Carbapenems,"R - resistant isolates, percentage  ",%,2010,NO,Norway,0,
Antimicrobial resistance,Klebsiella pneumoniae|Carbapenems,"R - resistant isolates, percentage  ",%,2010,PL,Poland,0,
Antimicrobial resistance,Klebsiella pneumoniae|Carbapenems,"R - resistant isolates, percentage  ",%,2010,PT,Portugal,1.3544018,
Antimicrobial resistance,Klebsiella pneumoniae|Carbapenems,"R - resistant isolates, percentage  ",%,2010,RO,Romania,0,
Antimicrobial resistance,Klebsiella pneumoniae|Carbapenems,"R - resistant isolates, percentage  ",%,2010,SE,Sweden,0.28248587,
Antimicrobial resistance,Klebsiella pneumoniae|Carbapenems,"R - resistant isolates, percentage  ",%,2010,SI,Slovenia,0.51282051,
Antimicrobial resistance,Klebsiella pneumoniae|Carbapenems,"R - resistant isolates, percentage  ",%,2010,UK,United Kingdom,0.14771048,
Antimicrobial resistance,Klebsiella pneumoniae|Carbapenems,"R - resistant isolates, percentage  ",%,2011,AT,Austria,0.16393442,
Antimicrobial resistance,Klebsiella pneumoniae|Carbapenems,"R - resistant isolates, percentage  ",%,2011,BE,Belgium,0.30959752,
Antimicrobial resistance,Klebsiella pneumoniae|Carbapenems,"R - resistant isolates, percentage  ",%,2011,BG,Bulgaria,0,
Antimicrobial resistance,Klebsiella pneumoniae|Carbapenems,"R - resistant isolates, percentage  ",%,2011,CY,Cyprus,15.6626506,
Antimicrobial resistance,Klebsiella pneumoniae|Carbapenems,"R - resistant isolates, percentage  ",%,2011,CZ,Czechia,0.08382229,
Antimicrobial resistance,Klebsiella pneumoniae|Carbapenems,"R - resistant isolates, percentage  ",%,2011,DE,Germany,0,
Antimicrobial resistance,Klebsiella pneumoniae|Carbapenems,"R - resistant isolates, percentage  ",%,2011,DK,Denmark,0,
Antimicrobial resistance,Klebsiella pneumoniae|Carbapenems,"R - resistant isolates, percentage  ",%,2011,EE,Estonia,0,
Antimicrobial resistance,Klebsiella pneumoniae|Carbapenems,"R - resistant isolates, percentage  ",%,2011,EL,Greece,68.15403422,
Antimicrobial resistance,Klebsiella pneumoniae|Carbapenems,"R - resistant isolates, percentage  ",%,2011,ES,Spain,0.34965034,
Antimicrobial resistance,Klebsiella pneumoniae|Carbapenems,"R - resistant isolates, percentage  ",%,2011,FI,Finland,0,
Antimicrobial resistance,Klebsiella pneumoniae|Carbapenems,"R - resistant isolates, percentage  ",%,2011,FR,France,0,
Antimicrobial resistance,Klebsiella pneumoniae|Carbapenems,"R - resistant isolates, percentage  ",%,2011,HR,Croatia,0,
Antimicrobial resistance,Klebsiella pneumoniae|Carbapenems,"R - resistant isolates, percentage  ",%,2011,HU,Hungary,1.937046,
Antimicrobial resistance,Klebsiella pneumoniae|Carbapenems,"R - resistant isolates, percentage  ",%,2011,IE,Ireland,0.33112582,
Antimicrobial resistance,Klebsiella pneumoniae|Carbapenems,"R - resistant isolates, percentage  ",%,2011,IS,Iceland,-,
Antimicrobial resistance,Klebsiella pneumoniae|Carbapenems,"R - resistant isolates, percentage  ",%,2011,IT,Italy,26.66666666,
Antimicrobial resistance,Klebsiella pneumoniae|Carbapenems,"R - resistant isolates, percentage  ",%,2011,LT,Lithuania,0,
Antimicrobial resistance,Klebsiella pneumoniae|Carbapenems,"R - resistant isolates, percentage  ",%,2011,LU,Luxembourg,0,
Antimicrobial resistance,Klebsiella pneumoniae|Carbapenems,"R - resistant isolates, percentage  ",%,2011,LV,Latvia,0,
Antimicrobial resistance,Klebsiella pneumoniae|Carbapenems,"R - resistant isolates, percentage  ",%,2011,MT,Malta,3.84615384,
Antimicrobial resistance,Klebsiella pneumoniae|Carbapenems,"R - resistant isolates, percentage  ",%,2011,NL,Netherlands,0.23014959,
Antimicrobial resistance,Klebsiella pneumoniae|Carbapenems,"R - resistant isolates, percentage  ",%,2011,NO,Norway,0,
Antimicrobial resistance,Klebsiella pneumoniae|Carbapenems,"R - resistant isolates, percentage  ",%,2011,PL,Poland,0.53191489,
Antimicrobial resistance,Klebsiella pneumoniae|Carbapenems,"R - resistant isolates, percentage  ",%,2011,PT,Portugal,0.34482758,
Antimicrobial resistance,Klebsiella pneumoniae|Carbapenems,"R - resistant isolates, percentage  ",%,2011,RO,Romania,0,
Antimicrobial resistance,Klebsiella pneumoniae|Carbapenems,"R - resistant isolates, percentage  ",%,2011,SE,Sweden,0,
Antimicrobial resistance,Klebsiella pneumoniae|Carbapenems,"R - resistant isolates, percentage  ",%,2011,SI,Slovenia,0,
Antimicrobial resistance,Klebsiella pneumoniae|Carbapenems,"R - resistant isolates, percentage  ",%,2011,SK,Slovakia,0.69124423,
Antimicrobial resistance,Klebsiella pneumoniae|Carbapenems,"R - resistant isolates, percentage  ",%,2011,UK,United Kingdom,0.36363636,
Antimicrobial resistance,Klebsiella pneumoniae|Carbapenems,"R - resistant isolates, percentage  ",%,2012,AT,Austria,0.81300813,
Antimicrobial resistance,Klebsiella pneumoniae|Carbapenems,"R - resistant isolates, percentage  ",%,2012,BE,Belgium,0.73394495,
Antimicrobial resistance,Klebsiella pneumoniae|Carbapenems,"R - resistant isolates, percentage  ",%,2012,BG,Bulgaria,1.85185185,
Antimicrobial resistance,Klebsiella pneumoniae|Carbapenems,"R - resistant isolates, percentage  ",%,2012,CY,Cyprus,9.23076923,
Antimicrobial resistance,Klebsiella pneumoniae|Carbapenems,"R - resistant isolates, percentage  ",%,2012,CZ,Czechia,0.30604437,
Antimicrobial resistance,Klebsiella pneumoniae|Carbapenems,"R - resistant isolates, percentage  ",%,2012,DE,Germany,0,
Antimicrobial resistance,Klebsiella pneumoniae|Carbapenems,"R - resistant isolates, percentage  ",%,2012,DK,Denmark,0.29411764,
Antimicrobial resistance,Klebsiella pneumoniae|Carbapenems,"R - resistant isolates, percentage  ",%,2012,EE,Estonia,1.26582278,
Antimicrobial resistance,Klebsiella pneumoniae|Carbapenems,"R - resistant isolates, percentage  ",%,2012,EL,Greece,60.47945205,
Antimicrobial resistance,Klebsiella pneumoniae|Carbapenems,"R - resistant isolates, percentage  ",%,2012,ES,Spain,0.78125,
Antimicrobial resistance,Klebsiella pneumoniae|Carbapenems,"R - resistant isolates, percentage  ",%,2012,FI,Finland,0,
Antimicrobial resistance,Klebsiella pneumoniae|Carbapenems,"R - resistant isolates, percentage  ",%,2012,FR,France,0.49170251,
Antimicrobial resistance,Klebsiella pneumoniae|Carbapenems,"R - resistant isolates, percentage  ",%,2012,HR,Croatia,0,
Antimicrobial resistance,Klebsiella pneumoniae|Carbapenems,"R - resistant isolates, percentage  ",%,2012,HU,Hungary,2.91060291,
Antimicrobial resistance,Klebsiella pneumoniae|Carbapenems,"R - resistant isolates, percentage  ",%,2012,IE,Ireland,0,
Antimicrobial resistance,Klebsiella pneumoniae|Carbapenems,"R - resistant isolates, percentage  ",%,2012,IS,Iceland,-,
Antimicrobial resistance,Klebsiella pneumoniae|Carbapenems,"R - resistant isolates, percentage  ",%,2012,IT,Italy,29.11242603,
Antimicrobial resistance,Klebsiella pneumoniae|Carbapenems,"R - resistant isolates, percentage  ",%,2012,LT,Lithuania,0,
Antimicrobial resistance,Klebsiella pneumoniae|Carbapenems,"R - resistant isolates, percentage  ",%,2012,LU,Luxembourg,0,
Antimicrobial resistance,Klebsiella pneumoniae|Carbapenems,"R - resistant isolates, percentage  ",%,2012,LV,Latvia,0,
Antimicrobial resistance,Klebsiella pneumoniae|Carbapenems,"R - resistant isolates, percentage  ",%,2012,MT,Malta,3.57142857,
Antimicrobial resistance,Klebsiella pneumoniae|Carbapenems,"R - resistant isolates, percentage  ",%,2012,NL,Netherlands,0.10570824,
Antimicrobial resistance,Klebsiella pneumoniae|Carbapenems,"R - resistant isolates, percentage  ",%,2012,NO,Norway,0.48154093,
Antimicrobial resistance,Klebsiella pneumoniae|Carbapenems,"R - resistant isolates, percentage  ",%,2012,PL,Poland,0.83565459,
Antimicrobial resistance,Klebsiella pneumoniae|Carbapenems,"R - resistant isolates, percentage  ",%,2012,PT,Portugal,0.66755674,
Antimicrobial resistance,Klebsiella pneumoniae|Carbapenems,"R - resistant isolates, percentage  ",%,2012,RO,Romania,13.72549019,
Antimicrobial resistance,Klebsiella pneumoniae|Carbapenems,"R - resistant isolates, percentage  ",%,2012,SE,Sweden,0.10235414,
Antimicrobial resistance,Klebsiella pneumoniae|Carbapenems,"R - resistant isolates, percentage  ",%,2012,SI,Slovenia,0.39370078,
Antimicrobial resistance,Klebsiella pneumoniae|Carbapenems,"R - resistant isolates, percentage  ",%,2012,SK,Slovakia,6.34441087,
Antimicrobial resistance,Klebsiella pneumoniae|Carbapenems,"R - resistant isolates, percentage  ",%,2012,UK,United Kingdom,0.45045045,
Antimicrobial resistance,Klebsiella pneumoniae|Carbapenems,"R - resistant isolates, percentage  ",%,2013,AT,Austria,1.2087912,
Antimicrobial resistance,Klebsiella pneumoniae|Carbapenems,"R - resistant isolates, percentage  ",%,2013,BE,Belgium,0.32362459,
Antimicrobial resistance,Klebsiella pneumoniae|Carbapenems,"R - resistant isolates, percentage  ",%,2013,BG,Bulgaria,0,
Antimicrobial resistance,Klebsiella pneumoniae|Carbapenems,"R - resistant isolates, percentage  ",%,2013,CY,Cyprus,5.88235294,
Antimicrobial resistance,Klebsiella pneumoniae|Carbapenems,"R - resistant isolates, percentage  ",%,2013,CZ,Czechia,0.52956751,
Antimicrobial resistance,Klebsiella pneumoniae|Carbapenems,"R - resistant isolates, percentage  ",%,2013,DE,Germany,0.65530799,
Antimicrobial resistance,Klebsiella pneumoniae|Carbapenems,"R - resistant isolates, percentage  ",%,2013,DK,Denmark,0.15503875,
Antimicrobial resistance,Klebsiella pneumoniae|Carbapenems,"R - resistant isolates, percentage  ",%,2013,EE,Estonia,2.7027027,
Antimicrobial resistance,Klebsiella pneumoniae|Carbapenems,"R - resistant isolates, percentage  ",%,2013,EL,Greece,59.3879239,
Antimicrobial resistance,Klebsiella pneumoniae|Carbapenems,"R - resistant isolates, percentage  ",%,2013,ES,Spain,1.61160354,
Antimicrobial resistance,Klebsiella pneumoniae|Carbapenems,"R - resistant isolates, percentage  ",%,2013,FI,Finland,0,
Antimicrobial resistance,Klebsiella pneumoniae|Carbapenems,"R - resistant isolates, percentage  ",%,2013,FR,France,0.65146579,
Antimicrobial resistance,Klebsiella pneumoniae|Carbapenems,"R - resistant isolates, percentage  ",%,2013,HR,Croatia,0.53191489,
Antimicrobial resistance,Klebsiella pneumoniae|Carbapenems,"R - resistant isolates, percentage  ",%,2013,HU,Hungary,1.69491525,
Antimicrobial resistance,Klebsiella pneumoniae|Carbapenems,"R - resistant isolates, percentage  ",%,2013,IE,Ireland,0.31545741,
Antimicrobial resistance,Klebsiella pneumoniae|Carbapenems,"R - resistant isolates, percentage  ",%,2013,IS,Iceland,-,
Antimicrobial resistance,Klebsiella pneumoniae|Carbapenems,"R - resistant isolates, percentage  ",%,2013,IT,Italy,34.34273916,
Antimicrobial resistance,Klebsiella pneumoniae|Carbapenems,"R - resistant isolates, percentage  ",%,2013,LT,Lithuania,0,
Antimicrobial resistance,Klebsiella pneumoniae|Carbapenems,"R - resistant isolates, percentage  ",%,2013,LU,Luxembourg,1.88679245,
Antimicrobial resistance,Klebsiella pneumoniae|Carbapenems,"R - resistant isolates, percentage  ",%,2013,LV,Latvia,0,
Antimicrobial resistance,Klebsiella pneumoniae|Carbapenems,"R - resistant isolates, percentage  ",%,2013,MT,Malta,5.97014925,
Antimicrobial resistance,Klebsiella pneumoniae|Carbapenems,"R - resistant isolates, percentage  ",%,2013,NL,Netherlands,0.18957345,
Antimicrobial resistance,Klebsiella pneumoniae|Carbapenems,"R - resistant isolates, percentage  ",%,2013,NO,Norway,0.15503875,
Antimicrobial resistance,Klebsiella pneumoniae|Carbapenems,"R - resistant isolates, percentage  ",%,2013,PL,Poland,0.81081081,
Antimicrobial resistance,Klebsiella pneumoniae|Carbapenems,"R - resistant isolates, percentage  ",%,2013,PT,Portugal,1.7699115,
Antimicrobial resistance,Klebsiella pneumoniae|Carbapenems,"R - resistant isolates, percentage  ",%,2013,RO,Romania,20.46511627,
Antimicrobial resistance,Klebsiella pneumoniae|Carbapenems,"R - resistant isolates, percentage  ",%,2013,SE,Sweden,0,
Antimicrobial resistance,Klebsiella pneumoniae|Carbapenems,"R - resistant isolates, percentage  ",%,2013,SI,Slovenia,0.40816326,
Antimicrobial resistance,Klebsiella pneumoniae|Carbapenems,"R - resistant isolates, percentage  ",%,2013,SK,Slovakia,0.58479532,
Antimicrobial resistance,Klebsiella pneumoniae|Carbapenems,"R - resistant isolates, percentage  ",%,2013,UK,United Kingdom,0.47573739,
Antimicrobial resistance,Klebsiella pneumoniae|Carbapenems,"R - resistant isolates, percentage  ",%,2014,AT,Austria,0.61791967,
Antimicrobial resistance,Klebsiella pneumoniae|Carbapenems,"R - resistant isolates, percentage  ",%,2014,BE,Belgium,0.46620046,
Antimicrobial resistance,Klebsiella pneumoniae|Carbapenems,"R - resistant isolates, percentage  ",%,2014,BG,Bulgaria,7.1942446,
Antimicrobial resistance,Klebsiella pneumoniae|Carbapenems,"R - resistant isolates, percentage  ",%,2014,CY,Cyprus,5,
Antimicrobial resistance,Klebsiella pneumoniae|Carbapenems,"R - resistant isolates, percentage  ",%,2014,CZ,Czechia,0.08710801,
Antimicrobial resistance,Klebsiella pneumoniae|Carbapenems,"R - resistant isolates, percentage  ",%,2014,DE,Germany,0.69582504,
Antimicrobial resistance,Klebsiella pneumoniae|Carbapenems,"R - resistant isolates, percentage  ",%,2014,DK,Denmark,0.24096385,
Antimicrobial resistance,Klebsiella pneumoniae|Carbapenems,"R - resistant isolates, percentage  ",%,2014,EE,Estonia,0,
Antimicrobial resistance,Klebsiella pneumoniae|Carbapenems,"R - resistant isolates, percentage  ",%,2014,EL,Greece,62.31617647,
Antimicrobial resistance,Klebsiella pneumoniae|Carbapenems,"R - resistant isolates, percentage  ",%,2014,ES,Spain,2.2906793,
Antimicrobial resistance,Klebsiella pneumoniae|Carbapenems,"R - resistant isolates, percentage  ",%,2014,FI,Finland,0,
Antimicrobial resistance,Klebsiella pneumoniae|Carbapenems,"R - resistant isolates, percentage  ",%,2014,FR,France,0.47551117,
Antimicrobial resistance,Klebsiella pneumoniae|Carbapenems,"R - resistant isolates, percentage  ",%,2014,HR,Croatia,0.89820359,
Antimicrobial resistance,Klebsiella pneumoniae|Carbapenems,"R - resistant isolates, percentage  ",%,2014,HU,Hungary,1.12721417,
Antimicrobial resistance,Klebsiella pneumoniae|Carbapenems,"R - resistant isolates, percentage  ",%,2014,IE,Ireland,0.56657223,
Antimicrobial resistance,Klebsiella pneumoniae|Carbapenems,"R - resistant isolates, percentage  ",%,2014,IS,Iceland,-,
Antimicrobial resistance,Klebsiella pneumoniae|Carbapenems,"R - resistant isolates, percentage  ",%,2014,IT,Italy,32.92775665,
Antimicrobial resistance,Klebsiella pneumoniae|Carbapenems,"R - resistant isolates, percentage  ",%,2014,LT,Lithuania,1.29870129,
Antimicrobial resistance,Klebsiella pneumoniae|Carbapenems,"R - resistant isolates, percentage  ",%,2014,LU,Luxembourg,1.51515151,
Antimicrobial resistance,Klebsiella pneumoniae|Carbapenems,"R - resistant isolates, percentage  ",%,2014,LV,Latvia,1.69491525,
Antimicrobial resistance,Klebsiella pneumoniae|Carbapenems,"R - resistant isolates, percentage  ",%,2014,MT,Malta,9.09090909,
Antimicrobial resistance,Klebsiella pneumoniae|Carbapenems,"R - resistant isolates, percentage  ",%,2014,NL,Netherlands,0.26714158,
Antimicrobial resistance,Klebsiella pneumoniae|Carbapenems,"R - resistant isolates, percentage  ",%,2014,NO,Norway,0,
Antimicrobial resistance,Klebsiella pneumoniae|Carbapenems,"R - resistant isolates, percentage  ",%,2014,PL,Poland,1.33037694,
Antimicrobial resistance,Klebsiella pneumoniae|Carbapenems,"R - resistant isolates, percentage  ",%,2014,PT,Portugal,1.76366843,
Antimicrobial resistance,Klebsiella pneumoniae|Carbapenems,"R - resistant isolates, percentage  ",%,2014,RO,Romania,31.51750972,
Antimicrobial resistance,Klebsiella pneumoniae|Carbapenems,"R - resistant isolates, percentage  ",%,2014,SE,Sweden,0,
Antimicrobial resistance,Klebsiella pneumoniae|Carbapenems,"R - resistant isolates, percentage  ",%,2014,SI,Slovenia,0.85836909,
Antimicrobial resistance,Klebsiella pneumoniae|Carbapenems,"R - resistant isolates, percentage  ",%,2014,SK,Slovakia,2.63157894,
Antimicrobial resistance,Klebsiella pneumoniae|Carbapenems,"R - resistant isolates, percentage  ",%,2014,UK,United Kingdom,0.84190832,
Antimicrobial resistance,Klebsiella pneumoniae|Carbapenems,"R - resistant isolates, percentage  ",%,2015,AT,Austria,0.78277886,
Antimicrobial resistance,Klebsiella pneumoniae|Carbapenems,"R - resistant isolates, percentage  ",%,2015,BE,Belgium,0.51413881,
Antimicrobial resistance,Klebsiella pneumoniae|Carbapenems,"R - resistant isolates, percentage  ",%,2015,BG,Bulgaria,3.15789473,
Antimicrobial resistance,Klebsiella pneumoniae|Carbapenems,"R - resistant isolates, percentage  ",%,2015,CY,Cyprus,12.9032258,
Antimicrobial resistance,Klebsiella pneumoniae|Carbapenems,"R - resistant isolates, percentage  ",%,2015,CZ,Czechia,0.27272727,
Antimicrobial resistance,Klebsiella pneumoniae|Carbapenems,"R - resistant isolates, percentage  ",%,2015,DE,Germany,0.12634238,
Antimicrobial resistance,Klebsiella pneumoniae|Carbapenems,"R - resistant isolates, percentage  ",%,2015,DK,Denmark,0,
Antimicrobial resistance,Klebsiella pneumoniae|Carbapenems,"R - resistant isolates, percentage  ",%,2015,EE,Estonia,0,
Antimicrobial resistance,Klebsiella pneumoniae|Carbapenems,"R - resistant isolates, percentage  ",%,2015,EL,Greece,61.94092827,
Antimicrobial resistance,Klebsiella pneumoniae|Carbapenems,"R - resistant isolates, percentage  ",%,2015,ES,Spain,2.15778826,
Antimicrobial resistance,Klebsiella pneumoniae|Carbapenems,"R - resistant isolates, percentage  ",%,2015,FI,Finland,0,
Antimicrobial resistance,Klebsiella pneumoniae|Carbapenems,"R - resistant isolates, percentage  ",%,2015,FR,France,0.49019607,
Antimicrobial resistance,Klebsiella pneumoniae|Carbapenems,"R - resistant isolates, percentage  ",%,2015,HR,Croatia,2.36842105,
Antimicrobial resistance,Klebsiella pneumoniae|Carbapenems,"R - resistant isolates, percentage  ",%,2015,HU,Hungary,0.1455604,
Antimicrobial resistance,Klebsiella pneumoniae|Carbapenems,"R - resistant isolates, percentage  ",%,2015,IE,Ireland,0.51413881,
Antimicrobial resistance,Klebsiella pneumoniae|Carbapenems,"R - resistant isolates, percentage  ",%,2015,IS,Iceland,-,
Antimicrobial resistance,Klebsiella pneumoniae|Carbapenems,"R - resistant isolates, percentage  ",%,2015,IT,Italy,33.51675837,
Antimicrobial resistance,Klebsiella pneumoniae|Carbapenems,"R - resistant isolates, percentage  ",%,2015,LT,Lithuania,0,
Antimicrobial resistance,Klebsiella pneumoniae|Carbapenems,"R - resistant isolates, percentage  ",%,2015,LU,Luxembourg,0,
Antimicrobial resistance,Klebsiella pneumoniae|Carbapenems,"R - resistant isolates, percentage  ",%,2015,LV,Latvia,0,
Antimicrobial resistance,Klebsiella pneumoniae|Carbapenems,"R - resistant isolates, percentage  ",%,2015,MT,Malta,4.54545454,
Antimicrobial resistance,Klebsiella pneumoniae|Carbapenems,"R - resistant isolates, percentage  ",%,2015,NL,Netherlands,0.16708437,
Antimicrobial resistance,Klebsiella pneumoniae|Carbapenems,"R - resistant isolates, percentage  ",%,2015,NO,Norway,0.14285714,
Antimicrobial resistance,Klebsiella pneumoniae|Carbapenems,"R - resistant isolates, percentage  ",%,2015,PL,Poland,0.45454545,
Antimicrobial resistance,Klebsiella pneumoniae|Carbapenems,"R - resistant isolates, percentage  ",%,2015,PT,Portugal,3.35731414,
Antimicrobial resistance,Klebsiella pneumoniae|Carbapenems,"R - resistant isolates, percentage  ",%,2015,RO,Romania,24.72324723,
Antimicrobial resistance,Klebsiella pneumoniae|Carbapenems,"R - resistant isolates, percentage  ",%,2015,SE,Sweden,0,
Antimicrobial resistance,Klebsiella pneumoniae|Carbapenems,"R - resistant isolates, percentage  ",%,2015,SI,Slovenia,1.26582278,
Antimicrobial resistance,Klebsiella pneumoniae|Carbapenems,"R - resistant isolates, percentage  ",%,2015,SK,Slovakia,0.91743119,
Antimicrobial resistance,Klebsiella pneumoniae|Carbapenems,"R - resistant isolates, percentage  ",%,2015,UK,United Kingdom,0.41580041,
Antimicrobial resistance,Klebsiella pneumoniae|Carbapenems,"R - resistant isolates, percentage  ",%,2016,AT,Austria,0.66777963,
Antimicrobial resistance,Klebsiella pneumoniae|Carbapenems,"R - resistant isolates, percentage  ",%,2016,BE,Belgium,2.39162929,
Antimicrobial resistance,Klebsiella pneumoniae|Carbapenems,"R - resistant isolates, percentage  ",%,2016,BG,Bulgaria,4.40251572,
Antimicrobial resistance,Klebsiella pneumoniae|Carbapenems,"R - resistant isolates, percentage  ",%,2016,CY,Cyprus,10.66666666,
Antimicrobial resistance,Klebsiella pneumoniae|Carbapenems,"R - resistant isolates, percentage  ",%,2016,CZ,Czechia,0,
Antimicrobial resistance,Klebsiella pneumoniae|Carbapenems,"R - resistant isolates, percentage  ",%,2016,DE,Germany,0.48891786,
Antimicrobial resistance,Klebsiella pneumoniae|Carbapenems,"R - resistant isolates, percentage  ",%,2016,DK,Denmark,0.26809651,
Antimicrobial resistance,Klebsiella pneumoniae|Carbapenems,"R - resistant isolates, percentage  ",%,2016,EE,Estonia,0,
Antimicrobial resistance,Klebsiella pneumoniae|Carbapenems,"R - resistant isolates, percentage  ",%,2016,EL,Greece,66.86440677,
Antimicrobial resistance,Klebsiella pneumoniae|Carbapenems,"R - resistant isolates, percentage  ",%,2016,ES,Spain,2.08706022,
Antimicrobial resistance,Klebsiella pneumoniae|Carbapenems,"R - resistant isolates, percentage  ",%,2016,FI,Finland,0.25974025,
Antimicrobial resistance,Klebsiella pneumoniae|Carbapenems,"R - resistant isolates, percentage  ",%,2016,FR,France,0.39556962,
Antimicrobial resistance,Klebsiella pneumoniae|Carbapenems,"R - resistant isolates, percentage  ",%,2016,HR,Croatia,0,
Antimicrobial resistance,Klebsiella pneumoniae|Carbapenems,"R - resistant isolates, percentage  ",%,2016,HU,Hungary,0.42674253,
Antimicrobial resistance,Klebsiella pneumoniae|Carbapenems,"R - resistant isolates, percentage  ",%,2016,IE,Ireland,0.66225165,
Antimicrobial resistance,Klebsiella pneumoniae|Carbapenems,"R - resistant isolates, percentage  ",%,2016,IS,Iceland,-,
Antimicrobial resistance,Klebsiella pneumoniae|Carbapenems,"R - resistant isolates, percentage  ",%,2016,IT,Italy,33.94018205,
Antimicrobial resistance,Klebsiella pneumoniae|Carbapenems,"R - resistant isolates, percentage  ",%,2016,LT,Lithuania,0,
Antimicrobial resistance,Klebsiella pneumoniae|Carbapenems,"R - resistant isolates, percentage  ",%,2016,LU,Luxembourg,0,
Antimicrobial resistance,Klebsiella pneumoniae|Carbapenems,"R - resistant isolates, percentage  ",%,2016,LV,Latvia,2.22222222,
Antimicrobial resistance,Klebsiella pneumoniae|Carbapenems,"R - resistant isolates, percentage  ",%,2016,MT,Malta,5.88235294,
Antimicrobial resistance,Klebsiella pneumoniae|Carbapenems,"R - resistant isolates, percentage  ",%,2016,NL,Netherlands,0.07593014,
Antimicrobial resistance,Klebsiella pneumoniae|Carbapenems,"R - resistant isolates, percentage  ",%,2016,NO,Norway,0,
Antimicrobial resistance,Klebsiella pneumoniae|Carbapenems,"R - resistant isolates, percentage  ",%,2016,PL,Poland,2.13713268,
Antimicrobial resistance,Klebsiella pneumoniae|Carbapenems,"R - resistant isolates, percentage  ",%,2016,PT,Portugal,5.17094017,
Antimicrobial resistance,Klebsiella pneumoniae|Carbapenems,"R - resistant isolates, percentage  ",%,2016,RO,Romania,31.43712574,
Antimicrobial resistance,Klebsiella pneumoniae|Carbapenems,"R - resistant isolates, percentage  ",%,2016,SE,Sweden,0.13063357,
Antimicrobial resistance,Klebsiella pneumoniae|Carbapenems,"R - resistant isolates, percentage  ",%,2016,SI,Slovenia,0,
Antimicrobial resistance,Klebsiella pneumoniae|Carbapenems,"R - resistant isolates, percentage  ",%,2016,SK,Slovakia,2.52873563,
Antimicrobial resistance,Klebsiella pneumoniae|Carbapenems,"R - resistant isolates, percentage  ",%,2016,UK,United Kingdom,0.27040314,
Antimicrobial resistance,Klebsiella pneumoniae|Carbapenems,"R - resistant isolates, percentage  ",%,2017,AT,Austria,0.99188458,
Antimicrobial resistance,Klebsiella pneumoniae|Carbapenems,"R - resistant isolates, percentage  ",%,2017,BE,Belgium,1.13780025,
Antimicrobial resistance,Klebsiella pneumoniae|Carbapenems,"R - resistant isolates, percentage  ",%,2017,BG,Bulgaria,12.4260355,
Antimicrobial resistance,Klebsiella pneumoniae|Carbapenems,"R - resistant isolates, percentage  ",%,2017,CY,Cyprus,15.49295774,
Antimicrobial resistance,Klebsiella pneumoniae|Carbapenems,"R - resistant isolates, percentage  ",%,2017,CZ,Czechia,0.38058991,
Antimicrobial resistance,Klebsiella pneumoniae|Carbapenems,"R - resistant isolates, percentage  ",%,2017,DE,Germany,0.46668395,
Antimicrobial resistance,Klebsiella pneumoniae|Carbapenems,"R - resistant isolates, percentage  ",%,2017,DK,Denmark,0.25316455,
Antimicrobial resistance,Klebsiella pneumoniae|Carbapenems,"R - resistant isolates, percentage  ",%,2017,EE,Estonia,0,
Antimicrobial resistance,Klebsiella pneumoniae|Carbapenems,"R - resistant isolates, percentage  ",%,2017,EL,Greece,64.71019809,
Antimicrobial resistance,Klebsiella pneumoniae|Carbapenems,"R - resistant isolates, percentage  ",%,2017,ES,Spain,2.78145695,
Antimicrobial resistance,Klebsiella pneumoniae|Carbapenems,"R - resistant isolates, percentage  ",%,2017,FI,Finland,0.26385224,
Antimicrobial resistance,Klebsiella pneumoniae|Carbapenems,"R - resistant isolates, percentage  ",%,2017,FR,France,0.67687923,
Antimicrobial resistance,Klebsiella pneumoniae|Carbapenems,"R - resistant isolates, percentage  ",%,2017,HR,Croatia,0,
Antimicrobial resistance,Klebsiella pneumoniae|Carbapenems,"R - resistant isolates, percentage  ",%,2017,HU,Hungary,0.29368575,
Antimicrobial resistance,Klebsiella pneumoniae|Carbapenems,"R - resistant isolates, percentage  ",%,2017,IE,Ireland,0.20920502,
Antimicrobial resistance,Klebsiella pneumoniae|Carbapenems,"R - resistant isolates, percentage  ",%,2017,IS,Iceland,-,
Antimicrobial resistance,Klebsiella pneumoniae|Carbapenems,"R - resistant isolates, percentage  ",%,2017,IT,Italy,29.6886864,
Antimicrobial resistance,Klebsiella pneumoniae|Carbapenems,"R - resistant isolates, percentage  ",%,2017,LT,Lithuania,0.61538461,
Antimicrobial resistance,Klebsiella pneumoniae|Carbapenems,"R - resistant isolates, percentage  ",%,2017,LU,Luxembourg,0,
Antimicrobial resistance,Klebsiella pneumoniae|Carbapenems,"R - resistant isolates, percentage  ",%,2017,LV,Latvia,0,
Antimicrobial resistance,Klebsiella pneumoniae|Carbapenems,"R - resistant isolates, percentage  ",%,2017,MT,Malta,10.25641025,
Antimicrobial resistance,Klebsiella pneumoniae|Carbapenems,"R - resistant isolates, percentage  ",%,2017,NL,Netherlands,0.45112781,
Antimicrobial resistance,Klebsiella pneumoniae|Carbapenems,"R - resistant isolates, percentage  ",%,2017,NO,Norway,0,
Antimicrobial resistance,Klebsiella pneumoniae|Carbapenems,"R - resistant isolates, percentage  ",%,2017,PL,Poland,6.37381567,
Antimicrobial resistance,Klebsiella pneumoniae|Carbapenems,"R - resistant isolates, percentage  ",%,2017,PT,Portugal,8.63970588,
Antimicrobial resistance,Klebsiella pneumoniae|Carbapenems,"R - resistant isolates, percentage  ",%,2017,RO,Romania,22.45508982,
Antimicrobial resistance,Klebsiella pneumoniae|Carbapenems,"R - resistant isolates, percentage  ",%,2017,SE,Sweden,0.09680542,
Antimicrobial resistance,Klebsiella pneumoniae|Carbapenems,"R - resistant isolates, percentage  ",%,2017,SI,Slovenia,0,
Antimicrobial resistance,Klebsiella pneumoniae|Carbapenems,"R - resistant isolates, percentage  ",%,2017,SK,Slovakia,4.44444444,
Antimicrobial resistance,Klebsiella pneumoniae|Carbapenems,"R - resistant isolates, percentage  ",%,2017,UK,United Kingdom,0.58778915,
Antimicrobial resistance,Klebsiella pneumoniae|Carbapenems,"R - resistant isolates, percentage  ",%,2018,AT,Austria,1.01351351,
Antimicrobial resistance,Klebsiella pneumoniae|Carbapenems,"R - resistant isolates, percentage  ",%,2018,BE,Belgium,1.39037433,
Antimicrobial resistance,Klebsiella pneumoniae|Carbapenems,"R - resistant isolates, percentage  ",%,2018,BG,Bulgaria,21.24352331,
Antimicrobial resistance,Klebsiella pneumoniae|Carbapenems,"R - resistant isolates, percentage  ",%,2018,CY,Cyprus,21.83908045,
Antimicrobial resistance,Klebsiella pneumoniae|Carbapenems,"R - resistant isolates, percentage  ",%,2018,CZ,Czechia,0.25125628,
Antimicrobial resistance,Klebsiella pneumoniae|Carbapenems,"R - resistant isolates, percentage  ",%,2018,DE,Germany,0.42842741,
Antimicrobial resistance,Klebsiella pneumoniae|Carbapenems,"R - resistant isolates, percentage  ",%,2018,DK,Denmark,0.54102795,
Antimicrobial resistance,Klebsiella pneumoniae|Carbapenems,"R - resistant isolates, percentage  ",%,2018,EE,Estonia,0.55865921,
Antimicrobial resistance,Klebsiella pneumoniae|Carbapenems,"R - resistant isolates, percentage  ",%,2018,EL,Greece,63.88518024,
Antimicrobial resistance,Klebsiella pneumoniae|Carbapenems,"R - resistant isolates, percentage  ",%,2018,ES,Spain,3.8095238,
Antimicrobial resistance,Klebsiella pneumoniae|Carbapenems,"R - resistant isolates, percentage  ",%,2018,FI,Finland,0.61728395,
Antimicrobial resistance,Klebsiella pneumoniae|Carbapenems,"R - resistant isolates, percentage  ",%,2018,FR,France,0.50033355,
Antimicrobial resistance,Klebsiella pneumoniae|Carbapenems,"R - resistant isolates, percentage  ",%,2018,HR,Croatia,2.15384615,
Antimicrobial resistance,Klebsiella pneumoniae|Carbapenems,"R - resistant isolates, percentage  ",%,2018,HU,Hungary,0.24183796,
Antimicrobial resistance,Klebsiella pneumoniae|Carbapenems,"R - resistant isolates, percentage  ",%,2018,IE,Ireland,0.62240663,
Antimicrobial resistance,Klebsiella pneumoniae|Carbapenems,"R - resistant isolates, percentage  ",%,2018,IS,Iceland,-,
Antimicrobial resistance,Klebsiella pneumoniae|Carbapenems,"R - resistant isolates, percentage  ",%,2018,IT,Italy,26.78445229,
Antimicrobial resistance,Klebsiella pneumoniae|Carbapenems,"R - resistant isolates, percentage  ",%,2018,LT,Lithuania,0.26954177,
Antimicrobial resistance,Klebsiella pneumoniae|Carbapenems,"R - resistant isolates, percentage  ",%,2018,LU,Luxembourg,0,
Antimicrobial resistance,Klebsiella pneumoniae|Carbapenems,"R - resistant isolates, percentage  ",%,2018,LV,Latvia,0.49019607,
Antimicrobial resistance,Klebsiella pneumoniae|Carbapenems,"R - resistant isolates, percentage  ",%,2018,MT,Malta,15.44117647,
Antimicrobial resistance,Klebsiella pneumoniae|Carbapenems,"R - resistant isolates, percentage  ",%,2018,NL,Netherlands,0.46052631,
Antimicrobial resistance,Klebsiella pneumoniae|Carbapenems,"R - resistant isolates, percentage  ",%,2018,NO,Norway,0.13586956,
Antimicrobial resistance,Klebsiella pneumoniae|Carbapenems,"R - resistant isolates, percentage  ",%,2018,PL,Poland,8.11496196,
Antimicrobial resistance,Klebsiella pneumoniae|Carbapenems,"R - resistant isolates, percentage  ",%,2018,PT,Portugal,11.70503316,
Antimicrobial resistance,Klebsiella pneumoniae|Carbapenems,"R - resistant isolates, percentage  ",%,2018,RO,Romania,29.47845804,
Antimicrobial resistance,Klebsiella pneumoniae|Carbapenems,"R - resistant isolates, percentage  ",%,2018,SE,Sweden,0.18382352,
Antimicrobial resistance,Klebsiella pneumoniae|Carbapenems,"R - resistant isolates, percentage  ",%,2018,SI,Slovenia,0.69204152,
Antimicrobial resistance,Klebsiella pneumoniae|Carbapenems,"R - resistant isolates, percentage  ",%,2018,SK,Slovakia,3.48360655,
Antimicrobial resistance,Klebsiella pneumoniae|Carbapenems,"R - resistant isolates, percentage  ",%,2018,UK,United Kingdom,0.69742489,
Antimicrobial resistance,Klebsiella pneumoniae|Carbapenems,"R - resistant isolates, percentage  ",%,2019,AT,Austria,1.2345679,
Antimicrobial resistance,Klebsiella pneumoniae|Carbapenems,"R - resistant isolates, percentage  ",%,2019,BE,Belgium,1.05680317,
Antimicrobial resistance,Klebsiella pneumoniae|Carbapenems,"R - resistant isolates, percentage  ",%,2019,BG,Bulgaria,26.96629213,
Antimicrobial resistance,Klebsiella pneumoniae|Carbapenems,"R - resistant isolates, percentage  ",%,2019,CY,Cyprus,13.33333333,
Antimicrobial resistance,Klebsiella pneumoniae|Carbapenems,"R - resistant isolates, percentage  ",%,2019,CZ,Czechia,0.608828,
Antimicrobial resistance,Klebsiella pneumoniae|Carbapenems,"R - resistant isolates, percentage  ",%,2019,DE,Germany,0.93259855,
Antimicrobial resistance,Klebsiella pneumoniae|Carbapenems,"R - resistant isolates, percentage  ",%,2019,DK,Denmark,0.29498525,
Antimicrobial resistance,Klebsiella pneumoniae|Carbapenems,"R - resistant isolates, percentage  ",%,2019,EE,Estonia,0,
Antimicrobial resistance,Klebsiella pneumoniae|Carbapenems,"R - resistant isolates, percentage  ",%,2019,EL,Greece,58.33333333,
Antimicrobial resistance,Klebsiella pneumoniae|Carbapenems,"R - resistant isolates, percentage  ",%,2019,ES,Spain,4.79566305,
Antimicrobial resistance,Klebsiella pneumoniae|Carbapenems,"R - resistant isolates, percentage  ",%,2019,FI,Finland,0.35294117,
Antimicrobial resistance,Klebsiella pneumoniae|Carbapenems,"R - resistant isolates, percentage  ",%,2019,FR,France,0.99900099,
Antimicrobial resistance,Klebsiella pneumoniae|Carbapenems,"R - resistant isolates, percentage  ",%,2019,HR,Croatia,12,
Antimicrobial resistance,Klebsiella pneumoniae|Carbapenems,"R - resistant isolates, percentage  ",%,2019,HU,Hungary,0.8988764,
Antimicrobial resistance,Klebsiella pneumoniae|Carbapenems,"R - resistant isolates, percentage  ",%,2019,IE,Ireland,0.9487666,
Antimicrobial resistance,Klebsiella pneumoniae|Carbapenems,"R - resistant isolates, percentage  ",%,2019,IS,Iceland,-,
Antimicrobial resistance,Klebsiella pneumoniae|Carbapenems,"R - resistant isolates, percentage  ",%,2019,IT,Italy,28.47781569,
Antimicrobial resistance,Klebsiella pneumoniae|Carbapenems,"R - resistant isolates, percentage  ",%,2019,LT,Lithuania,3.42465753,
Antimicrobial resistance,Klebsiella pneumoniae|Carbapenems,"R - resistant isolates, percentage  ",%,2019,LU,Luxembourg,0.97087378,
Antimicrobial resistance,Klebsiella pneumoniae|Carbapenems,"R - resistant isolates, percentage  ",%,2019,LV,Latvia,0,
Antimicrobial resistance,Klebsiella pneumoniae|Carbapenems,"R - resistant isolates, percentage  ",%,2019,MT,Malta,7.75193798,
Antimicrobial resistance,Klebsiella pneumoniae|Carbapenems,"R - resistant isolates, percentage  ",%,2019,NL,Netherlands,0.20935101,
Antimicrobial resistance,Klebsiella pneumoniae|Carbapenems,"R - resistant isolates, percentage  ",%,2019,NO,Norway,0.24213075,
Antimicrobial resistance,Klebsiella pneumoniae|Carbapenems,"R - resistant isolates, percentage  ",%,2019,PL,Poland,7.7056277,
Antimicrobial resistance,Klebsiella pneumoniae|Carbapenems,"R - resistant isolates, percentage  ",%,2019,PT,Portugal,10.85501858,
Antimicrobial resistance,Klebsiella pneumoniae|Carbapenems,"R - resistant isolates, percentage  ",%,2019,RO,Romania,32.34042553,
Antimicrobial resistance,Klebsiella pneumoniae|Carbapenems,"R - resistant isolates, percentage  ",%,2019,SE,Sweden,0.11154489,
Antimicrobial resistance,Klebsiella pneumoniae|Carbapenems,"R - resistant isolates, percentage  ",%,2019,SI,Slovenia,0.330033,
Antimicrobial resistance,Klebsiella pneumoniae|Carbapenems,"R - resistant isolates, percentage  ",%,2019,SK,Slovakia,4.55840455,
Antimicrobial resistance,Klebsiella pneumoniae|Carbapenems,"R - resistant isolates, percentage  ",%,2019,UK,United Kingdom,0.6635071,
Antimicrobial resistance,Klebsiella pneumoniae|Carbapenems,"R - resistant isolates, percentage  ",%,2020,AT,Austria,0.94786729,
Antimicrobial resistance,Klebsiella pneumoniae|Carbapenems,"R - resistant isolates, percentage  ",%,2020,BE,Belgium,1.13507377,
Antimicrobial resistance,Klebsiella pneumoniae|Carbapenems,"R - resistant isolates, percentage  ",%,2020,BG,Bulgaria,28.11244979,
Antimicrobial resistance,Klebsiella pneumoniae|Carbapenems,"R - resistant isolates, percentage  ",%,2020,CY,Cyprus,19.76744186,
Antimicrobial resistance,Klebsiella pneumoniae|Carbapenems,"R - resistant isolates, percentage  ",%,2020,CZ,Czechia,0.48701298,
Antimicrobial resistance,Klebsiella pneumoniae|Carbapenems,"R - resistant isolates, percentage  ",%,2020,DE,Germany,0.45123221,
Antimicrobial resistance,Klebsiella pneumoniae|Carbapenems,"R - resistant isolates, percentage  ",%,2020,DK,Denmark,0.77848549,
Antimicrobial resistance,Klebsiella pneumoniae|Carbapenems,"R - resistant isolates, percentage  ",%,2020,EE,Estonia,0,
Antimicrobial resistance,Klebsiella pneumoniae|Carbapenems,"R - resistant isolates, percentage  ",%,2020,EL,Greece,66.25344352,
Antimicrobial resistance,Klebsiella pneumoniae|Carbapenems,"R - resistant isolates, percentage  ",%,2020,ES,Spain,4.71655328,
Antimicrobial resistance,Klebsiella pneumoniae|Carbapenems,"R - resistant isolates, percentage  ",%,2020,FI,Finland,0.11098779,
Antimicrobial resistance,Klebsiella pneumoniae|Carbapenems,"R - resistant isolates, percentage  ",%,2020,FR,France,0.54211843,
Antimicrobial resistance,Klebsiella pneumoniae|Carbapenems,"R - resistant isolates, percentage  ",%,2020,HR,Croatia,19.10112359,
Antimicrobial resistance,Klebsiella pneumoniae|Carbapenems,"R - resistant isolates, percentage  ",%,2020,HU,Hungary,0.69348127,
Antimicrobial resistance,Klebsiella pneumoniae|Carbapenems,"R - resistant isolates, percentage  ",%,2020,IE,Ireland,0.27027027,
Antimicrobial resistance,Klebsiella pneumoniae|Carbapenems,"R - resistant isolates, percentage  ",%,2020,IS,Iceland,0,
Antimicrobial resistance,Klebsiella pneumoniae|Carbapenems,"R - resistant isolates, percentage  ",%,2020,IT,Italy,29.50681297,
Antimicrobial resistance,Klebsiella pneumoniae|Carbapenems,"R - resistant isolates, percentage  ",%,2020,LT,Lithuania,2.905569,
Antimicrobial resistance,Klebsiella pneumoniae|Carbapenems,"R - resistant isolates, percentage  ",%,2020,LU,Luxembourg,1.14942528,
Antimicrobial resistance,Klebsiella pneumoniae|Carbapenems,"R - resistant isolates, percentage  ",%,2020,LV,Latvia,1.05820105,
Antimicrobial resistance,Klebsiella pneumoniae|Carbapenems,"R - resistant isolates, percentage  ",%,2020,MT,Malta,7.57575757,
Antimicrobial resistance,Klebsiella pneumoniae|Carbapenems,"R - resistant isolates, percentage  ",%,2020,NL,Netherlands,0.07163323,
Antimicrobial resistance,Klebsiella pneumoniae|Carbapenems,"R - resistant isolates, percentage  ",%,2020,NO,Norway,0.1455604,
Antimicrobial resistance,Klebsiella pneumoniae|Carbapenems,"R - resistant isolates, percentage  ",%,2020,PL,Poland,8.19366852,
Antimicrobial resistance,Klebsiella pneumoniae|Carbapenems,"R - resistant isolates, percentage  ",%,2020,PT,Portugal,11.58273381,
Antimicrobial resistance,Klebsiella pneumoniae|Carbapenems,"R - resistant isolates, percentage  ",%,2020,RO,Romania,48.31223628,
Antimicrobial resistance,Klebsiella pneumoniae|Carbapenems,"R - resistant isolates, percentage  ",%,2020,SE,Sweden,0.27129679,
Antimicrobial resistance,Klebsiella pneumoniae|Carbapenems,"R - resistant isolates, percentage  ",%,2020,SI,Slovenia,0,
Antimicrobial resistance,Klebsiella pneumoniae|Carbapenems,"R - resistant isolates, percentage  ",%,2020,SK,Slovakia,8.1632653,
